Последний богатырь: Корень зла; (2020);Россия,реж.Дмитрий Дьяченко;(приключения, семейный, комедия...);2021-01-01
МУЛЬТ в кино 121. Новый год, новый мульт!; (2020);Россия,реж.Роман Сафаров...;(мультфильм, детский);2021-01-01
Соседи сверху; Sentimental  (2020);Испания,реж.Сеск Гай;(комедия);2021-01-07
С днем смерти; Death of Me  (2020);США...реж.Даррен Линн Боусман;(ужасы, детектив);2021-01-07
Дрон; The Drone  (2019);США,реж.Джордан Рубин;(ужасы, комедия);2021-01-07
Полет над Россией; Russland von oben  (2019);Германия,реж.Петра Хёфер...;(документальный);2021-01-07
Дэвид Боуи. Человек со звезды; Stardust  (2019);Великобритания,реж.Гэбриел Рэндж;(драма, биография, музыка);2021-01-07
Самое первое Рождество; Il primo Natale  (2019);Италия,реж.Сальво Фикарра...;(фэнтези, комедия, приключения);2021-01-07
Планета Билан; (2020);Россия,реж.Роман Бутовский;(концерт);2021-01-07
Чудо-женщина: 1984; Wonder Woman 1984  (2020);США...реж.Пэтти Дженкинс;(фэнтези, боевик, приключения...);2021-01-14
Не лечи меня; (2020);Россия,реж.Миша Маралес;(комедия);2021-01-14
Заклятье: Другая сторона; Andra sidan  (2020);Швеция,реж.Торд Даниэльссон...;(ужасы, триллер, детектив);2021-01-14
Небеса подождут; Gott, du kannst ein Arsch sein  (2020);Германия,реж.Андре Эркау;(драма, мелодрама, комедия);2021-01-14
Обыкновенная страсть; Passion simple  (2020);Франция...реж.Даниэль Арбид;(мелодрама);2021-01-14
Контроль; Distorted  (2018);Канада,реж.Роб В. Кинг;(триллер, криминал, детектив);2021-01-14
Говард и Подводное королевство; Howard Lovecraft & the Undersea Kingdom  (2017);Канада,реж.Шон Патрик О’Рейли;(мультфильм, ужасы, фэнтези...);2021-01-14
Феллини и духи; Fellini degli spiriti  (2020);Италия...реж.Ансельма Делл’Олло;(документальный);2021-01-20
Душа; Soul  (2020);США,реж.Пит Доктер...;(мультфильм, фэнтези, комедия...);2021-01-21
Девушка, подающая надежды; Promising Young Woman  (2020);Великобритания...реж.Эмиральд Феннел;(триллер, драма, криминал);2021-01-21
День города; (2021);Россия,реж.Алексей Харитонов;(комедия);2021-01-21
Птица в клетке. Заражение; Songbird  (2020);США,реж.Адам Мэйсон;(триллер, драма, мелодрама);2021-01-21
Небесный огонь; Skyfire  (2019);Китай,реж.Саймон Уэст;(боевик, триллер, драма);2021-01-21
Астрал. Онлайн; Host  (2020);Великобритания,реж.Роб Сэвадж;(ужасы);2021-01-21
Секретные файлы: Над небесами; Beyond the Sky  (2018);США,реж.Фулвио Сестито;(фантастика, триллер, детектив);2021-01-21
Корпорация Ad Libitum; (2020);Россия,реж.Полина Ольденбург;(приключения, триллер);2021-01-21
Голос луны; La voce della luna  (1990);Италия...реж.Федерико Феллини;(драма, комедия);2021-01-21
Королевский гамбит; Critical Thinking  (2020);США,реж.Джон Легуизамо;(драма);2021-01-21
Малхолланд Драйв; Mulholland Dr.  (2001);Франция...реж.Дэвид Линч;(триллер, драма, детектив);2021-01-28
Охотник на монстров; Monster Hunter  (2020);США...реж.Пол У. С. Андерсон;(фэнтези, боевик, приключения);2021-01-28
Дьявол в деталях; The Little Things  (2021);США,реж.Джон Ли Хэнкок;(детектив, криминал, триллер);2021-01-28
Рассекая волны; Breaking the Waves  (1996);Дания...реж.Ларс фон Триер;(драма);2021-01-28
Зоя; (2020);Россия,реж.Максим Бриус...;(история, биография, военный...);2021-01-28
Бывшая с того света; Blithe Spirit  (2020);Великобритания,реж.Эдвард Холл;(комедия, фэнтези, мелодрама);2021-01-28
Афера Оливера Твиста; Twist  (2021);Великобритания,реж.Мартин Оуэн;(боевик, драма);2021-01-28
Дать дуба в округе Юба; Breaking News in Yuba County  (2021);Великобритания...реж.Тейт Тейлор;(триллер, драма, комедия...);2021-01-28
Самый главный босс; Direktøren for det hele  (2006);Дания...реж.Ларс фон Триер;(комедия);2021-01-28
Маленькие волшебницы; Vier zauberhafte Schwestern  (2020);Германия,реж.Свен Унтервальдт мл.;(фэнтези, комедия, приключения...);2021-01-28
МУЛЬТ в кино. Выпуск № 122. Согревающие мультики; (2021);Россия,реж.Рафаэль Тер-Саргсян...;(мультфильм, детский);2021-01-30
Заступник; The Marksman  (2020);США,реж.Роберт Лоренц;(боевик, криминал, триллер);2021-02-04
Кто-нибудь видел мою девчонку?; (2020);Россия,реж.Ангелина Никонова;(драма);2021-02-04
Огонек-Огниво; (2020);Россия,реж.Константин Щекин;(мультфильм);2021-02-04
Понаехали; (2020);Россия,реж.Султан Хажироко;(комедия, приключения);2021-02-04
Стендап под прикрытием; (2021);Россия,реж.Олег Асадулин;(комедия);2021-02-04
Денежный самолёт; Money Plane  (2020);США,реж.Эндрю Лоуренс;(боевик);2021-02-04
Мьюзик; Music  (2021);США,реж.Сиа;(мюзикл, драма);2021-02-04
Поли; Poly  (2020);Франция...реж.Николя Ванье;(семейный);2021-02-04
Крылья урагана; Hurricane  (2018);Великобритания...реж.Дэвид Блэр;(боевик, драма, военный);2021-02-04
Папаши; È per il tuo bene  (2020);Италия,реж.Роландо Равелло;(комедия);2021-02-04
Дважды два; (2021);Россия,реж.Виталий Манюков;(мелодрама, комедия);2021-02-04
Северный ветер; (2020);Россия,реж.Рената Литвинова;(драма);2021-02-06
Родные; (2020);Россия,реж.Илья Аксенов;(комедия, драма);2021-02-11
Опасный соблазн; Fatale  (2020);США,реж.Деон Тейлор;(триллер);2021-02-11
Дикая парочка; Wild Mountain Thyme  (2020);Ирландия...реж.Джон Патрик Шэнли;(драма, мелодрама, комедия);2021-02-11
Приворот. Черное венчание; (2021);Россия,реж.Святослав Подгаевский;(мелодрама, ужасы, триллер);2021-02-11
Джек и механическое сердце; Jack et la mécanique du coeur  (2013);Франция...реж.Стефан Берла...;(мультфильм, мюзикл, фэнтези...);2021-02-11
Love; (2020);Россия,реж.Игорь Твердохлебов;(комедия, мелодрама);2021-02-11
Наш отец; Padrenostro  (2020);Италия,реж.Клаудио Ноче;(драма);2021-02-11
Что скрывает вода; What Lies Below  (2020);США,реж.Брэйден Р. Дуэммлер;(триллер, ужасы);2021-02-11
Пациент Зеро; Yummy  (2019);Бельгия,реж.Ларс Дамуасо;(ужасы, комедия, боевик);2021-02-11
Пончары. Глобальное закругление; Extinct  (2021);США...реж.Дэвид Силверман...;(мультфильм, приключения, комедия);2021-02-11
Пингвинёнок Пороро. Мир динозавров; Pororo, Dinosaur Island Adventure  (2017);Корея Южная,реж.Ким Хён-хо...;(мультфильм, фэнтези, приключения);2021-02-11
Музыка крыш; (2021);Россия,реж.Андрей Щербинин;(мелодрама, драма);2021-02-11
Любит – не любит; Omoi, Omoware, Furi, Furare  (2020);Япония,реж.Тосимаса Куроянаги;(аниме, мультфильм, мелодрама);2021-02-11
Кроличья лапа; Rabbit’s Paw  (2020);Россия...реж.Нана Джорджадзе;(мелодрама, драма);2021-02-11
СЕЛФИ. Хаос и творчество; (2021);Россия,реж.Анна Гольцева;(документальный);2021-02-11
Воздушный бой; Shadow in the Cloud  (2020);Новая Зеландия...реж.Розанна Лян;(ужасы, боевик, военный);2021-02-18
Конёк-Горбунок; (2021);Россия,реж.Олег Погодин;(фэнтези, комедия, приключения);2021-02-18
Поворот не туда: Наследие; Wrong Turn: The Foundation  (2021);Германия...реж.Майк П. Нельсон;(ужасы);2021-02-18
Мавританец; The Mauritanian  (2021);Великобритания...реж.Кевин Макдональд;(биография, драма, триллер);2021-02-18
Спасите Колю!; (2020);Россия,реж.Дмитрий Губарев;(комедия);2021-02-18
Персона; Persona  (1966);Швеция,реж.Ингмар Бергман;(триллер, драма);2021-02-18
Рыцари справедливости; Retfærdighedens ryttere  (2020);Дания,реж.Андерс Томас Йенсен;(боевик, драма, комедия);2021-02-18
Спаситель; Redemption Day  (2021);США,реж.Хичам Хаджи;(боевик, триллер);2021-02-18
Необратимость. Полная инверсия; Irréversible - Inversion Intégrale  (2020);Франция,реж.Гаспар Ноэ;(триллер, драма, криминал...);2021-02-18
Дочь тьмы; (2019);Россия,реж.Ростислав Мусаев;(триллер, фэнтези, драма);2021-02-18
Хищники; (2020);Россия,реж.Степан Соколов;(комедия, криминал);2021-02-18
Дерево желаний; The Wishmas Tree  (2019);Австралия,реж.Рикард Куссо;(мультфильм);2021-02-18
Аферистка; I Care a Lot  (2020);США...реж.Дж. Блэйксон;(триллер, комедия, криминал);2021-02-19
Батя; (2020);Россия,реж.Дмитрий Ефимович;(комедия);2021-02-23
На скорости; (2020);Россия,реж.Павел Игнатов;(мелодрама, комедия);2021-02-23
Том и Джерри; Tom and Jerry  (2021);США...реж.Тим Стори;(комедия, приключения, семейный);2021-02-25
Мандерлей; Manderlay  (2005);Дания...реж.Ларс фон Триер;(драма);2021-02-25
Пугало; (2020);Россия,реж.Дмитрий Давыдов;(драма);2021-02-25
Друзья навсегда; Our Friend  (2019);США,реж.Габриэла Каупертвэйт;(драма, мелодрама);2021-02-25
Эпидемия; Epidemic  (1987);Дания,реж.Ларс фон Триер;(ужасы, драма);2021-02-25
Уиджа. Проклятое зеркало; The 100 Candles Game  (2020);Новая Зеландия,реж.Виктор Катала...;(ужасы);2021-02-25
История семьи Блум; Penguin Bloom  (2020);Австралия...реж.Глендин Айвин;(драма);2021-02-25
Норм и несокрушимые: Семейные каникулы; Norm of the North: Family Vacation  (2020);США,реж.Энтони Белл;(мультфильм, комедия, приключения...);2021-02-25
Лузеры против пришельцев; Useless Humans  (2020);США,реж.Стивен Ол;(ужасы, комедия, фантастика);2021-02-25
Проклятый дом 4; Playhouse  (2020);Великобритания,реж.Фионн Уоттс...;(ужасы);2021-02-25
Best Erotic Shorts 2; (2020);Франция...;(для взрослых);2021-02-25
Дом Пьера Кардена; House of Cardin  (2019);США...реж.П. Дэвид Эберсоул...;(документальный);2021-02-25
Хейфеца; (2020);Россия,реж.Екатерина Романова;(документальный);2021-02-25
МУЛЬТ в кино 123. Радости полные мульты; (2021);Россия,реж.Полина Грекова...;(детский, мультфильм);2021-02-27
Станиславский. Жажда жизни; (2020);Россия,реж.Юлия Бобкова;(документальный);2021-02-27
Райя и последний дракон; Raya and the Last Dragon  (2021);США,реж.Дон Холл...;(мультфильм, фэнтези, боевик...);2021-03-04
Любовное настроение; Faa yeung nin wa  (2000);Гонконг,реж.Вонг Кар-Вай;(драма, мелодрама);2021-03-04
Беги, прячься, бей; Run Hide Fight  (2020);США,реж.Кайл Ранкин;(боевик, триллер);2021-03-04
Рок-н-рольщики; Sing Street  (2015);Ирландия...реж.Джон Карни;(драма, мелодрама, комедия...);2021-03-04
Белый снег; (2021);Россия,реж.Николай Хомерики;(биография, спорт, драма);2021-03-04
Пара из будущего; (2021);Россия,реж.Алексей Нужный;(комедия, фантастика, мелодрама);2021-03-04
Рашн Юг; (2021);Россия,реж.Антон Федотов;(комедия, мелодрама);2021-03-04
Реинкарнация: Пришествие дьявола; Anything for Jackson  (2020);Канада,реж.Джастин Дж. Дик;(ужасы);2021-03-04
Гуляй, Вася! Свидание на Бали; (2020);Россия,реж.Роман Каримов;(комедия);2021-03-04
Она — океан; She Is the Ocean  (2018);США...реж.Инна Блохина;(документальный);2021-03-04
Italian Best Shorts 4: Истории нашей жизни; Italian Best Shorts 4  (2020);Италия,реж.Джанлука Зонта...;(драма, комедия, мелодрама);2021-03-04
Джульетта и духи; Giulietta degli spiriti  (1965);Италия...реж.Федерико Феллини;(фэнтези, драма, комедия);2021-03-06
Скайлайн 3; Skylin3s  (2020);Великобритания,реж.Лиам О’Доннелл;(фантастика, боевик);2021-03-11
День курка; Boss Level  (2019);США,реж.Джо Карнахан;(фантастика, боевик);2021-03-11
Земля кочевников; Nomadland  (2020);США...реж.Хлоя Чжао;(драма);2021-03-11
Супернова; Supernova  (2020);Великобритания,реж.Гарри Макквин;(драма, мелодрама);2021-03-11
Асоциальная сеть; Silk Road  (2020);США,реж.Тиллер Расселл;(триллер, драма, криминал);2021-03-11
Трафик; Crisis  (2020);Канада...реж.Николас Джареки;(триллер, драма);2021-03-11
Бывшая; (2021);Россия,реж.Евгений Пузыревский;(ужасы, триллер);2021-03-11
Сэм: Песочный эльф; Four Kids and It  (2020);Великобритания,реж.Энди де Эммони;(фэнтези, семейный);2021-03-11
Проклятие: Обитель смерти; Malevolent  (2018);Великобритания,реж.Олаф де Флёр Йоханнессон;(ужасы);2021-03-11
Нос, или Заговор «не таких»; (2020);Россия,реж.Андрей Хржановский;(мультфильм);2021-03-11
Изгоняющий дьявола. Врата; Gates of Darkness  (2019);США...реж.Дон Э. ФонтЛеРой;(ужасы, триллер);2021-03-11
Пальмира; (2020);Россия,реж.Иван Болотников;(драма);2021-03-11
Только серьезные отношения; (2021);Россия,реж.Вячеслав Росс;(мелодрама, комедия);2021-03-11
Сибирский цирюльник; (1998);Россия...реж.Никита Михалков;(драма, мелодрама, комедия...);2021-03-14
Никто; Nobody  (2021);США,реж.Илья Найшуллер;(боевик, триллер, криминал);2021-03-18
Айнбо. Сердце Амазонии; AINBO: Spirit of the Amazon  (2021);Перу...реж.Рихард Клаус...;(мультфильм, фэнтези, комедия...);2021-03-18
Идиоты; Idioterne  (1998);Дания...реж.Ларс фон Триер;(драма, комедия);2021-03-18
Европа; Europa  (1991);Дания...реж.Ларс фон Триер;(триллер, драма);2021-03-18
Пальма; (2020);Россия...реж.Александр Домогаров мл.;(семейный, приключения);2021-03-18
Игры шпионов; The Courier  (2020);Великобритания...реж.Доминик Кук;(триллер);2021-03-18
Оборотень; The Wolf of Snow Hollow  (2020);США,реж.Джим Каммингс;(ужасы, комедия, детектив);2021-03-18
Снега больше не будет; Śniegu już nigdy nie będzie  (2020);Польша...реж.Малгожата Шумовска...;(драма, комедия, детектив);2021-03-18
Ганзель, Гретель и Агентство Магии; Secret Magic Control Agency  (2021);Россия...реж.Алексей Цицилин;(мультфильм, комедия, фэнтези...);2021-03-18
Хребет дьявола; Shookum Hills  (2021);США,реж.Брэдли Паркер;(ужасы);2021-03-18
Мой брат – супергерой!; Mio fratello rincorre i dinosauri  (2019);Италия...реж.Стефано Чипани;(комедия, семейный, драма);2021-03-18
Рафаэль. Добрый гений; Raffaello - Il Genio Sensibile  (2020);Италия,реж.Лука Тровеллези Чезана;(документальный);2021-03-18
Годзилла против Конга; Godzilla vs. Kong  (2021);США...реж.Адам Вингард;(боевик, фантастика);2021-03-25
Поступь хаоса; Chaos Walking  (2021);США...реж.Даг Лайман;(фантастика, фэнтези, боевик...);2021-03-25
Июльский дождь; (1966);СССР,реж.Марлен Хуциев;(драма);2021-03-25
Дочь волка; Daughter of the Wolf  (2019);Канада,реж.Дэвид Хэкл;(боевик, триллер);2021-03-25
Любовь, свадьбы и прочие катастрофы; Love, Weddings & Other Disasters  (2020);США,реж.Деннис Дуган;(мелодрама, комедия);2021-03-25
Ая и ведьма; Aya to majo  (2020);Япония,реж.Горо Миядзаки;(аниме, мультфильм, фэнтези);2021-03-25
Гипосомния; Cortex  (2020);Германия,реж.Мориц Бляйбтрой;(триллер, драма, криминал);2021-03-25
NAVI. Рожденные побеждать; (2021);Россия...реж.Лейла Недорослева;(документальный, спорт);2021-03-25
МУЛЬТ в кино 124. Весенние смешинки; (2021);Россия,реж.Вера Мякишева...;(детский, мультфильм);2021-03-27
Печень, или История одного стартапа; (2019);Россия,реж.Иван Снежкин;(комедия, криминал, драма);2021-03-31
Слепок; (2021);Россия,реж.Андрей Сильвестров;(драма);2021-03-31
Вспомнить всё; Total Recall  (1990);США...реж.Пол Верховен;(фантастика, боевик, триллер);2021-04-01
Майор Гром: Чумной Доктор; (2021);Россия,реж.Олег Трофим;(боевик, криминал, детектив...);2021-04-01
После Чернобыля; (2021);Россия...реж.Игорь Кинько...;(ужасы, триллер, детектив);2021-04-01
Маша; (2020);Россия,реж.Анастасия Пальчикова;(драма, триллер);2021-04-01
Пришелец из Сказки; Władcy przygód. Stąd do Oblivio  (2019);Польша,реж.Томаш Шафраньски;(боевик, комедия, приключения);2021-04-01
Ученик экзорциста; The Seventh Day  (2021);США,реж.Джастин П. Ланж;(ужасы);2021-04-01
Исход; Exodus  (2021);США,реж.Логан Стоун;(фантастика);2021-04-01
В ринге только девушки; Chick Fight  (2020);США,реж.Пол Лейден;(боевик, драма, комедия...);2021-04-01
Дино Дана; Dino Dana: The Movie  (2020);Канада...реж.Дж.Дж. Джонсон;(фэнтези, приключения, семейный);2021-04-01
Помогите, я уменьшил свою училку!; Hilfe, ich hab meine Lehrerin geschrumpft  (2015);Германия...реж.Свен Унтервальдт мл.;(фэнтези, боевик, комедия...);2021-04-01
Розовое облако; A Nuvem Rosa  (2021);Бразилия,реж.Юли Жербази;(драма, фантастика);2021-04-01
Леонид Агутин. Cosmo Life; Cosmo Life  (2020);Россия...реж.Алексей Логвинченко;(музыка, документальный, концерт);2021-04-01
Все будет хорошо; (2021);Нидерланды...реж.Анет Мелис...;(драма, мультфильм, мелодрама);2021-04-01
Тинторетто и новая Венеция; Tintoretto. L'artista che uccise la pittura  (2020);Италия...реж.Эрминио Перокко;(документальный);2021-04-01
Мортал Комбат; Mortal Kombat  (2021);США,реж.Саймон Маккуойд;(боевик, фэнтези, фантастика);2021-04-08
Уроки фарси; Persian Lessons  (2020);Россия...реж.Вадим Перельман;(драма, военный);2021-04-08
Минари; Minari  (2020);США,реж.Ли Айзек Чун;(драма);2021-04-08
Препод: История Галатеи; Women  (2021);США...реж.Антон Сигурдссон;(триллер, драма, криминал);2021-04-08
100% волк; 100% Wolf  (2020);Австралия...реж.Алекс Стадерманн;(мультфильм, фэнтези, комедия...);2021-04-08
ЗОЖ; Sweat  (2020);Польша...реж.Магнус фон Хорн;(драма);2021-04-08
Кинотеатр кошмаров; Nightmare Cinema  (2018);США,реж.Алехандро Бругуес...;(ужасы);2021-04-08
Книга Моря; (2018);Россия,реж.Алексей Вахрушев;(документальный, мультфильм);2021-04-08
Будь моим Кириллом; (2021);Россия,реж.Алла Елисеева;(комедия);2021-04-08
Заповедь зла; The Curse of Audrey Earnshaw  (2020);Канада,реж.Томас Роберт Ли;(ужасы, драма);2021-04-08
24 снега; (2015);Россия,реж.Михаил Барынин;(документальный);2021-04-08
Властелин колец: Братство Кольца; The Lord of the Rings: The Fellowship of the Ring  (2001);США...реж.Питер Джексон;(фэнтези, приключения, драма);2021-04-15
Отец; The Father  (2020);Великобритания...реж.Флориан Зеллер;(драма);2021-04-15
Чернобыль; (2021);Россия,реж.Данила Козловский;(драма, история);2021-04-15
Вайолет Эвергарден. Фильм; Violet Evergarden: The Movie  (2020);Япония,реж.Таити Исидатэ;(аниме, мультфильм, драма...);2021-04-15
Гениальное ограбление; Way Down  (2021);Испания,реж.Жауме Балагеро;(боевик, триллер, приключения);2021-04-15
От винта 2; (2021);Россия,реж.Ваге Саргсян;(детский, приключения, комедия...);2021-04-15
Заклятье: Новый ритуал; La funeraria  (2020);Аргентина,реж.Мауро Иван Ойеда;(ужасы);2021-04-15
Sheena667; (2019);Россия,реж.Григорий Добрыгин;(драма);2021-04-15
Гунда; Gunda  (2020);Норвегия...реж.Виктор Косаковский;(документальный);2021-04-15
Мой год в Нью-Йорке; My Salinger Year  (2020);Канада...реж.Филипп Фалардо;(мелодрама, комедия);2021-04-15
В стране фей; Faunutland and the Lost Magic  (2020);Швеция...реж.Маркус Овнелль;(фэнтези, семейный);2021-04-15
Проект: Время назад; The Desert Project  (2020);США,реж.Илья Танк Шилов;(фантастика, триллер, комедия);2021-04-15
Робот, я люблю тебя?; (2021);Россия,реж.Юлия Киселева;(документальный);2021-04-15
Love Shorts; Love Shorts  (2021);Германия...реж.Йошка Лаукенинкс...;(мелодрама);2021-04-15
Властелин колец: Две крепости; The Lord of the Rings: The Two Towers  (2002);Новая Зеландия...реж.Питер Джексон;(фэнтези, приключения, драма);2021-04-22
Гнев человеческий; Wrath of Man  (2021);США...реж.Гай Ричи;(боевик, триллер);2021-04-22
Великий; Minamata  (2020);Великобритания...реж.Эндрю Левитас;(драма, биография);2021-04-22
Поколение Вояджер; Voyagers  (2021);США...реж.Нил Бёргер;(фантастика, драма, триллер);2021-04-22
Порочная связь; Lacci  (2020);Италия...реж.Даниэле Лукетти;(драма);2021-04-22
Любовь и монстры; (2020);Россия,реж.Екатерина Краснер;(комедия);2021-04-22
Руфус: Хроники волшебной страны; Adventures of Rufus: The Fantastic Pet  (2020);Франция...реж.Райан Беллгардт;(приключения, семейный, фэнтези);2021-04-22
Нечестивые; The Unholy  (2021);США,реж.Эван Спилиотопулос;(ужасы);2021-04-22
Тьма: Монстры за поворотом; Shortcut  (2020);Италия...реж.Алессио Лигуори;(ужасы);2021-04-22
Сверхъестественное; Stray  (2019);США,реж.Джо Силл;(фэнтези, боевик, триллер...);2021-04-22
Москвы не бывает; (2020);Россия,реж.Дмитрий Федоров;(комедия, триллер, фантастика);2021-04-22
Долгая дорога домой; (2017);Россия,реж.Анатолий Пасичник;(триллер, драма);2021-04-22
МУЛЬТ в кино 125. Друзья на всю голову; (2021);Россия,реж.Станислав Шахов...;(мультфильм, детский);2021-04-24
Властелин колец: Возвращение короля; The Lord of the Rings: The Return of the King  (2003);Новая Зеландия...реж.Питер Джексон;(фэнтези, приключения, драма);2021-04-29
Танцующая в темноте; Dancer in the Dark  (2000);Дания...реж.Ларс фон Триер;(мюзикл, драма, криминал);2021-04-29
Упс... Приплыли!; Ooops! The Adventure Continues  (2020);Ирландия...реж.Тоби Генкель...;(мультфильм, комедия, приключения...);2021-04-29
Девятаев; (2021);Россия,реж.Тимур Бекмамбетов...;(военный, биография, боевик...);2021-04-29
Академия магии; The Academy of Magic  (2020);США,реж.Йорген Клюбен;(мультфильм, фэнтези);2021-04-29
Проклятие: Призраки дома Борли; The Banishing  (2020);Великобритания,реж.Кристофер Смит;(ужасы);2021-04-29
Полный нокдаун; American Fighter  (2019);США,реж.Шон Пол Пиччинино;(боевик, биография);2021-04-29
Ночь; The Night  (2020);США...реж.Курош Ахари;(ужасы);2021-04-29
Приключения экспоната; (2021);Россия,реж.Алена Олейник;(приключения, комедия, драма...);2021-04-29
Ася; Asia  (2020);Израиль,реж.Рути Прибар;(драма);2021-04-29
На дальних рубежах; (2020);Россия,реж.Максим Дашкин;(драма);2021-04-29
6IX9INE: Сага о Дэнни Эрнандесе; 69: The Saga of Danny Hernandez  (2020);США,реж.Викрам Ганди;(документальный, музыка);2021-04-29
Зверокрекеры; Animal Crackers  (2017);Китай...реж.Тони Бэнкрофт...;(мультфильм, мюзикл, фэнтези...);2021-05-01
Иди и смотри; (1985);СССР,реж.Элем Климов;(драма, военный, история);2021-05-06
Восемь сотен; Ba bai  (2020);Китай,реж.Гуань Ху;(военный, боевик, драма...);2021-05-06
Чунгкингский экспресс; Chung Hing sam lam  (1994);Гонконг,реж.Вонг Кар-Вай;(драма, мелодрама, комедия...);2021-05-06
Сопротивление; Resistance  (2020);Великобритания...реж.Хонатан Якубович;(драма, военный, биография...);2021-05-06
Элемент преступления; Forbrydelsens element  (1984);Дания,реж.Ларс фон Триер;(триллер, драма, криминал);2021-05-06
Прабабушка легкого поведения. Начало; (2020);Россия,реж.Марюс Вайсберг;(комедия);2021-05-06
Извержение; Baekdusan  (2019);Корея Южная,реж.Ли Хэ-джун...;(боевик, комедия);2021-05-06
Ангел мести; Vanquish  (2021);США,реж.Джордж Галло;(боевик, триллер, криминал);2021-05-06
Шаг вперед: Жар улиц; Somos Calentura: We Are The Heat  (2018);Колумбия...реж.Хорхе Навас;(драма, музыка);2021-05-06
Лес самоубийц; Jukai Mura  (2021);Япония,реж.Такаси Симидзу;(ужасы);2021-05-06
Пчелка Майя: Медовый движ; Maya the Bee 3: The Golden Orb  (2021);Германия...реж.Ноэль Клири;(мультфильм, приключения);2021-05-06
Смешарики и друзья в кино. Выпуск 1; (2021);Россия,реж.Денис Чернов...;(мультфильм, детский, семейный);2021-05-06
Легенда о пианисте; La leggenda del pianista sull'oceano  (1998);Италия,реж.Джузеппе Торнаторе;(драма, мелодрама, музыка);2021-05-13
Пила: Спираль; Spiral: From the Book of Saw  (2021);США...реж.Даррен Линн Боусман;(детектив, триллер, ужасы);2021-05-13
Кролик Питер 2; Peter Rabbit 2: The Runaway  (2021);Австралия...реж.Уилл Глак;(мультфильм, фэнтези, комедия...);2021-05-13
Те, кто желает мне смерти; Those Who Wish Me Dead  (2021);Канада...реж.Тейлор Шеридан;(боевик, триллер, драма);2021-05-13
Скажи ей; (2020);Россия,реж.Александр Молочников;(драма);2021-05-13
Иваново счастье; (2021);Россия,реж.Иван Соснин;(драма, мелодрама, комедия);2021-05-13
Звездный рубеж; Cosmic Sin  (2021);США,реж.Эдвард Дрэйк;(фантастика, боевик);2021-05-13
Паркет; Parket  (2020);Россия...реж.Александр Миндадзе;(драма);2021-05-13
The Box; Deo bakseu  (2021);Корея Южная,реж.Ян Джон-ун;(драма, музыка);2021-05-13
Замыкание; (2021);Россия,реж.Татьяна Эверстова;(триллер);2021-05-13
Медвежонок Бамси и дочь волшебницы; Bamse och häxans dotter  (2016);Швеция,реж.Кристиан Рюлтениус...;(мультфильм, фэнтези, комедия...);2021-05-13
Форсаж 9; F9  (2021);США,реж.Джастин Лин;(боевик, триллер, криминал...);2021-05-19
Истребитель демонов: Поезд «Бесконечный»; Kimetsu no Yaiba: Mugen Ressha-Hen  (2020);Япония,реж.Харуо Сотодзаки;(аниме, мультфильм, боевик...);2021-05-20
Новый порядок; Nuevo orden  (2020);Мексика...реж.Мишель Франко;(драма);2021-05-20
Конец фильма; (2020);Россия,реж.Владимир Котт;(комедия);2021-05-20
Спирит Непокорный; Spirit Untamed  (2021);США,реж.Илэйн Боган...;(мультфильм, приключения, семейный...);2021-05-20
Lindemann: Live in Moscow; Lindemann: Live in Moscow  (2021);Германия,реж.Сергей Грей;(музыка);2021-05-20
МУЛЬТ в кино 126. Солнечные мультики; (2021);Россия,реж.Вера Мякишева...;(детский, мультфильм);2021-05-22
Канны-2020. Special Edition; Cannes 2020. Special Edition  (2021);Канада...реж.Лючия Чикос...;(драма, комедия);2021-05-25
Пролетая над гнездом кукушки; One Flew Over the Cuckoo's Nest  (1975);США,реж.Милош Форман;(драма);2021-05-27
Рыбка Поньо на утесе; Gake no ue no Ponyo  (2008);Япония,реж.Хаяо Миядзаки;(аниме, мультфильм, приключения...);2021-05-27
Амнезия; Awake  (2019);США,реж.Александр Черняев;(триллер, криминал, боевик);2021-05-27
Кольцо времени; Volition  (2019);Канада,реж.Тони Дин Смит;(фантастика, триллер);2021-05-27
Дублинские дебоширы; Here Are the Young Men  (2020);Ирландия...реж.Оуэн Мэкен;(драма);2021-05-27
Коп на драйве; 30 jours max  (2020);Франция,реж.Тарек Будали;(боевик, комедия, криминал);2021-05-27
Иччи; (2020);Россия,реж.Костас Марсаан;(ужасы, триллер);2021-05-27
Помогите, я уменьшил своих родителей!; Hilfe, ich hab meine Eltern geschrumpft  (2018);Германия,реж.Тим Трагезер;(боевик, комедия, приключения...);2021-05-27
Хищники; Endangered Species  (2021);Кения,реж.М. Дж. Бассетт;(боевик, триллер);2021-05-27
Спиритический сеанс; Seance  (2021);США,реж.Саймон Баррет;(ужасы, детектив);2021-05-27
Туве; Tove  (2020);Финляндия...реж.Зайда Бергрот;(драма, биография);2021-05-27
Играй со мной; (2020);Россия,реж.Андрей Назимов;(комедия, мелодрама);2021-05-27
В винном отражении; (2019);Россия,реж.Виталий Музыченко;(драма, комедия);2021-05-27
Тихое место 2; A Quiet Place Part II  (2021);США,реж.Джон Красински;(ужасы, фантастика, триллер...);2021-06-03
Круэлла; Cruella  (2021);США,реж.Крэйг Гиллеспи;(комедия, криминал);2021-06-03
Якари; Yakari, le film  (2020);Бельгия...реж.Ксавье Джакометти...;(мультфильм, приключения, семейный...);2021-06-03
Итальянские каникулы; Odio l'estate  (2020);Италия,реж.Массимо Венье;(комедия);2021-06-03
Выбор Фредерика Фитцелла; Flashback  (2020);Канада,реж.Кристофер МакБрайд;(триллер, драма);2021-06-03
Ассасин: Битва миров; Ci sha xiao shuo jia  (2021);Китай,реж.Лу Ян;(фэнтези, боевик);2021-06-03
Самаритянин; Samaritan  (2021);США,реж.Джулиус Эйвери;(фантастика, фэнтези, боевик...);2021-06-03
Мейнстрим; Mainstream  (2020);США,реж.Джиа Коппола;(драма, комедия);2021-06-03
Реальная история мальчика-волчонка; The True Adventures of Wolfboy  (2019);США,реж.Мартин Крейчи;(драма, криминал, приключения);2021-06-03
Спасти нельзя оставить; (2020);Россия,реж.Дарья Беднарская;(комедия, приключения);2021-06-03
Четыре сапога и барсук; Knutsen & Ludvigsen 2 - Det store dyret  (2020);Норвегия,реж.Гунхильд Энгер...;(мультфильм, мюзикл, фэнтези...);2021-06-03
Заклятие 3: По воле дьявола; The Conjuring: The Devil Made Me Do It  (2021);США,реж.Майкл Чавес;(ужасы, детектив);2021-06-10
Хозяин; Grand Isle  (2019);США,реж.Стивен С. Кампанелли;(триллер);2021-06-10
Красный призрак; (2020);Россия,реж.Андрей Богатырев;(триллер, история, военный);2021-06-10
Надежда; Håp  (2019);Норвегия...реж.Мария Сёдаль;(драма, мелодрама);2021-06-10
Архипелаг; (2020);Россия,реж.Алексей Тельнов;(драма, мелодрама);2021-06-10
Все включено; All Inclusive  (2019);Франция...реж.Фабьен Онтеньенте;(комедия);2021-06-10
Байкал. Удивительные приключения Юмы; (2019);Россия,реж.Анастасия Попова;(семейный, документальный);2021-06-10
Ограбление по-джентльменски; The Misfits  (2021);США,реж.Ренни Харлин;(боевик, триллер, приключения);2021-06-10
Ночная прогулка; Night Walk  (2019);США,реж.Азиз Тази;(боевик, криминал);2021-06-10
Культовые тусовщики; Creation Stories  (2021);Великобритания...реж.Ник Моран;(драма, биография, музыка);2021-06-10
Маржела: Своими словами; Martin Margiela: In His Own Words  (2019);Германия...реж.Райнер Хольцемер;(документальный, биография);2021-06-10
Свадьбы не будет!; Es ist zu deinem Besten  (2020);Германия,реж.Марк Ротемунд;(мелодрама, комедия);2021-06-10
Дореми: В поисках волшебства; Majo minarai wo sagashite  (2020);Япония...реж.Харука Катамани...;(аниме, мультфильм, комедия...);2021-06-10
Смешарики и друзья в кино. Выпуск 2; (2021);Россия,реж.Ольга Лопато...;(мультфильм, детский, семейный);2021-06-10
Generation П; (2011);Россия...реж.Виктор Гинзбург;(фантастика, драма, комедия);2021-06-12
Телохранитель жены киллера; Hitman's Wife's Bodyguard  (2021);США...реж.Патрик Хьюз;(боевик, комедия);2021-06-16
Лука; Luca  (2021);США,реж.Энрико Касароса;(мультфильм, фэнтези, комедия...);2021-06-17
Человек, который продал свою кожу; The Man Who Sold His Skin  (2020);Тунис...реж.Каутер Бен Ханья;(драма);2021-06-17
Оккупация: Миссия «Дождь»; Occupation: Rainfall  (2020);Австралия,реж.Люк Спарк;(фантастика, боевик);2021-06-17
Игра на выживание; One of These Days  (2020);США...реж.Бастиан Гюнтер;(драма, триллер);2021-06-17
The Birthday Cake; (2021);США,реж.Jimmy Giannopoulos;(триллер, криминал);2021-06-17
Аффект; Surge  (2020);Великобритания,реж.Энейл Кария;(триллер);2021-06-17
Толмен. Первый демон; The Toll  (2020);Канада,реж.Майкл Нэйдер;(ужасы);2021-06-17
Сердце и как им пользоваться; (2021);Россия,реж.Дмитрий Губарев;(комедия, приключения);2021-06-17
Папа за маму; 10 giorni senza mamma  (2019);Италия,реж.Алессандро Дженовези;(комедия, семейный);2021-06-17
Annecy World; Annecy World  (2021);Бельгия...реж.Лиа Бертелс...;(мультфильм);2021-06-20
Таксист; Taxi Driver  (1976);США,реж.Мартин Скорсезе;(триллер, драма, криминал);2021-06-24
Небесный замок Лапута; Tenkû no shiro Rapyuta  (1986);Япония,реж.Хаяо Миядзаки;(аниме, мультфильм, фантастика...);2021-06-24
Бендер: Начало; (2020);Россия,реж.Игорь Зайцев;(драма, комедия);2021-06-24
Яблоки; Mila  (2020);Греция...реж.Христос Нику;(драма, комедия);2021-06-24
Проклятие плачущей: Безвременье; The Nameless Days  (2021);США,реж.Эндрю Мечэм...;(ужасы, триллер, детектив);2021-06-24
Папа закодировался; (2020);Россия,реж.Павел Ходнев;(комедия);2021-06-24
Парящий тигр; The Tiger Rising  (2021);США,реж.Рэй Джиаратана;(семейный);2021-06-24
С – счастье; H Is for Happiness  (2019);Австралия,реж.Джон Шиди;(семейный);2021-06-24
Мейер Лански; Lansky  (2021);США,реж.Итан Роквей;(триллер, драма, криминал...);2021-06-24
Рок Дог 2; Rock Dog 2  (2021);США,реж.Марк Балдо;(мультфильм, комедия, приключения...);2021-06-24
Кукла; Juega Conmigo  (2021);Мексика,реж.Адриан Гарсиа Больяно;(ужасы);2021-06-24
Проклятый чиновник; (2021);Россия,реж.Сарик Андреасян;(комедия);2021-06-24
Оскар-92: Короткометражные фильмы; Oscars-92  (2021);Франция...реж.Брандт Андерсен...;(драма, комедия);2021-06-24
Ледяной драйв; The Ice Road  (2021);США,реж.Джонатан Хенсли;(боевик, триллер);2021-06-25
Амели; Le Fabuleux destin d'Amélie Poulain  (2001);Франция...реж.Жан-Пьер Жёне;(мелодрама, комедия);2021-07-01
Безумная свадьба 2; Qu'est-ce qu'on a encore fait au bon Dieu?  (2019);Франция,реж.Филипп де Шоврон;(драма, комедия, мелодрама);2021-07-01
Семейка монстров; Petit vampire  (2020);Франция...реж.Жоанн Сфар;(мультфильм, ужасы, фэнтези...);2021-07-01
Бугимен; Achoura  (2018);Марокко...реж.Талал Сельхами;(ужасы, фэнтези, триллер);2021-07-01
Начать с нуля; Cambio tutto  (2020);Италия,реж.Гуидо Кьеза;(комедия);2021-07-01
Кошмары; Come True  (2020);Канада,реж.Энтони Скотт Бёрнс;(ужасы);2021-07-01
Красная река; River Runs Red  (2018);США,реж.Уэс Миллер;(боевик, триллер, драма);2021-07-01
Джетлаг; (2021);Россия,реж.Михаил Идов;(комедия, драма);2021-07-01
Страсть, любовь и стволы; Die in a Gunfight  (2021);США,реж.Коллин Шиффли;(драма);2021-07-01
В западне; Till Death  (2021);США,реж.С.К. Дэйл;(ужасы, триллер);2021-07-01
Медовый месяц в Иерусалиме; Honeymood  (2020);Израиль,реж.Талия Лави;(комедия, мелодрама);2021-07-01
Девочка и дракон; Dragevokterens jul  (2020);Норвегия,реж.Катарина Лаунинг;(фэнтези, семейный);2021-07-01
Огрики; The Ogglies  (2021);Германия...реж.Тоби Генкель...;(мультфильм, приключения, семейный);2021-07-01
Чёрная Вдова; Black Widow  (2021);США,реж.Кейт Шортланд;(фантастика, боевик, приключения);2021-07-08
Лена и львенок; Lena and Snowball  (2021);США,реж.Брайан Херцлингер;(комедия, приключения, семейный);2021-07-08
Медвежонок Бамси и дракон; Bamse och dunderklockan  (2018);Швеция,реж.Кристиан Рюлтениус;(мультфильм, семейный);2021-07-08
Судная ночь навсегда; The Forever Purge  (2020);США,реж.Эверардо Валерио Гоут;(ужасы, фантастика, боевик...);2021-07-08
Магазинные воришки всего мира; Shoplifters of the World  (2021);США,реж.Стивен Кижак;(драма, комедия);2021-07-08
Облачный атлас; Cloud Atlas  (2012);США...реж.Том Тыквер...;(фантастика, драма, боевик...);2021-07-10
Город тайн; The Dry  (2020);Австралия...реж.Роберт Коннолли;(триллер, драма, криминал...);2021-07-15
Космический джем: Новое поколение; Space Jam: A New Legacy  (2021);США,реж.Малкольм Д. Ли;(мультфильм, фантастика, фэнтези...);2021-07-15
Вуду; The Unfamiliar  (2020);Великобритания,реж.Хенк Преториус;(ужасы, триллер);2021-07-15
Пороховой коктейль; Gunpowder Milkshake  (2021);Франция...реж.Навот Папушадо;(боевик, триллер, приключения);2021-07-15
Бегущая в лабиринте; Meander  (2020);Франция,реж.Матьё Тури;(ужасы, фантастика, триллер);2021-07-15
Любовники; Amants  (2020);Франция,реж.Николь Гарсия;(триллер, драма);2021-07-15
Двойное счастье; Figli  (2020);Италия,реж.Джузеппе Бонито;(комедия);2021-07-15
Мармадюк; Marmaduke  (2021);США,реж.Марк А.З. Диппе...;(мультфильм);2021-07-15
Любовь по ту сторону; Faraway Eyes  (2020);США,реж.Гарри Гринбергер;(фэнтези, мелодрама, комедия);2021-07-15
Все о сексе; All About Sex  (2020);США,реж.Дакота Шэйн Горман;(драма, комедия);2021-07-15
Chacun chez soi; (2020);Франция,реж.Мишель Ларок;(комедия);2021-07-15
Сипсик; Sipsik  (2020);Эстония...реж.Мелис Арулепп...;(мультфильм);2021-07-22
Время; Old  (2021);США,реж.М. Найт Шьямалан;(триллер);2021-07-22
Тайна Сен-Тропе; Mystère à Saint-Tropez  (2021);Франция,реж.Николя Бенаму;(комедия, криминал);2021-07-22
Цензор; Censor  (2021);Великобритания,реж.Prano Bailey-Bond;(ужасы);2021-07-22
Проклятие пиковой дамы; Queen of Spades  (2021);Канада,реж.Патрик Уайт;(ужасы);2021-07-22
Любовь в жаркие недели; (2021);Россия,реж.Гайк Асатрян;(комедия);2021-07-22
Монстры на каникулах: Трансформания; Hotel Transylvania: Transformania  (2021);США,реж.Дерек Драймон...;(мультфильм, ужасы, фэнтези...);2021-07-23
Круиз по джунглям; Jungle Cruise  (2021);США,реж.Жауме Кольет-Серра;(приключения, комедия, фэнтези);2021-07-29
Красотка на взводе; Jolt  (2021);США,реж.Таня Уэкслер;(боевик);2021-07-29
Родство; Kindred  (2020);Великобритания,реж.Джозеф Маркантонио;(ужасы);2021-07-29
Demonic; (2021);Канада,реж.Нил Бломкамп;(ужасы);2021-07-29
Певица на всю голову; Falling for Figaro  (2020);Австралия...реж.Бен Луин;(мелодрама, комедия);2021-07-29
Бендер: Золото империи; (2020);Россия,реж.Игорь Зайцев;(драма, комедия);2021-07-29
Кровопийцы; Blutsauger  (2021);Германия,реж.Юлиан Радльмайер;(комедия, ужасы);2021-07-00
Чем темнее озеро; The Darker the Lake  (2020);Гонконг,реж.У Лок-Кван;(триллер, криминал, детектив);2021-07-00
На всю жизнь; Per tutta la vita  (2021);Италия,реж.Паоло Костелла;(комедия);2021-07-00
Отряд самоубийц: Миссия навылет; The Suicide Squad  (2021);США,реж.Джеймс Ганн;(фантастика, комедия, боевик...);2021-08-05
Пес под прикрытием; Agent Toby Barks  (2020);США,реж.Dan Hunter;(комедия, приключения, семейный);2021-08-05
Джинн; The Djinn  (2021);США,реж.Давид Шарбонье...;(ужасы);2021-08-05
Коати. Сердце джунглей; Koati  (2021);Мексика,реж.Родриго Перес-Кастро;(мультфильм);2021-08-05
Главный герой; Free Guy  (2021);США...реж.Шон Леви;(фантастика, боевик, комедия);2021-08-12
Не дыши 2; Don't Breathe 2  (2021);США,реж.Родольфо Саягес;(ужасы, триллер, криминал);2021-08-12
Влюбленный Ван Гог; Van Gogh in Love  (2020);Франция,реж.Жан Люк Аяш;(комедия);2021-08-12
Один на один; Nowhere Special  (2020);Великобритания...реж.Уберто Пазолини;(драма);2021-08-12
Любовь, страх и ненависть; Death of a Ladies' Man  (2020);Канада...реж.Мэтт Биссоннет;(драма);2021-08-12
Остров проклятых; Shutter Island  (2009);США,реж.Мартин Скорсезе;(триллер, детектив, драма);2021-08-14
Босс-молокосос 2; The Boss Baby: Family Business  (2021);США,реж.Том МакГрат;(мультфильм, комедия, приключения...);2021-08-19
G.I. Joe: Бросок кобры. Снейк Айз; Snake Eyes: G.I. Joe Origins  (2021);США...реж.Роберт Швентке;(фантастика, фэнтези, боевик...);2021-08-19
Махнемся телами; Le sens de la famille  (2020);Франция,реж.Жан-Патрик Бенес;(комедия, мелодрама);2021-08-19
Агент 117: Из Африки с любовью; OSS 117: Alerte rouge en Afrique noire  (2021);Франция,реж.Николя Бедос;(боевик, комедия);2021-08-26
Воспоминание; Reminiscence  (2021);США,реж.Лиза Джой;(фантастика, триллер, мелодрама);2021-08-26
The Beatles: Get Back; (2021);Великобритания...реж.Питер Джексон;(документальный, музыка);2021-08-26
Щенячий патруль: Кино; Paw Patrol: The Movie  (2021);США...реж.Кэллан Брункер;(мультфильм, комедия, приключения...);2021-08-26
Случайность и догадка; Guzen to sozo  (2021);Япония,реж.Рюсукэ Хамагути;(драма, мелодрама);2021-08-00
Шан-Чи и легенда десяти колец; Shang-Chi and the Legend of the Ten Rings  (2021);США...реж.Дестин Дэниел Креттон;(фантастика, фэнтези, боевик...);2021-09-02
Злое; Malignant  (2021);США,реж.Джеймс Ван;(ужасы, триллер);2021-09-02
После. Глава 3; After We Fell  (2021);США,реж.Кастиль Лэндон;(драма);2021-09-02
Бука. Мое любимое чудище; (2021);Россия,реж.Георгий Гитис;(мультфильм, приключения);2021-09-02
Последний день Земли; Le dernier voyage de Paul W.R  (2020);Франция,реж.Ромен Киро;(фантастика);2021-09-02
Вкус жизни; Smagen af sult  (2021);Дания...реж.Кристоффер Боэ;(драма, мелодрама);2021-09-02
Боец без правил; Notorious Nick  (2021);США,реж.Аарон Леонг;(драма);2021-09-02
Криптополис; Cryptozoo  (2021);США,реж.Дэш Шоу;(мультфильм);2021-09-02
Фантазии; Fantasies ;Франция,реж.Давид Фонкинос...;(комедия);2021-09-02
Бесконечность; Infinite  (2021);США,реж.Антуан Фукуа;(фантастика, триллер);2021-09-09
На высоте мечты; In the Heights  (2021);США,реж.Джон М. Чу;(мюзикл, драма, мелодрама...);2021-09-09
Холостяк на свадьбе; Le discours  (2020);Франция...реж.Лоран Тирар;(комедия);2021-09-09
Говард и Королевство хаоса; Howard Lovecraft and the Kingdom of Madness  (2018);Канада,реж.Шон Патрик О’Рейли;(мультфильм, фэнтези, семейный);2021-09-09
Кодекс киллера; The Protégé  (2021);США,реж.Мартин Кэмпбелл;(боевик, триллер, криминал);2021-09-09
Черный ящик; Boîte noire  (2020);Франция,реж.Ян Гозлан;(триллер, драма);2021-09-09
Небесная команда; (2020);Россия...реж.Владимир Алеников;(драма, спорт);2021-09-09
Дюна; Dune  (2021);США...реж.Дени Вильнёв;(фантастика, драма, приключения);2021-09-16
Веном 2; Venom: Let There Be Carnage  (2021);США,реж.Энди Серкис;(ужасы, фантастика, боевик...);2021-09-16
Вокруг света за 80 дней; Around the World  (2021);Франция...реж.Самуэль Турно;(мультфильм);2021-09-16
БУМЕРанг; (2020);Россия,реж.Петр Буслов;(комедия, криминал);2021-09-23
Карамора; (2021);Россия,реж.Данила Козловский;(фэнтези, триллер);2021-09-23
Множественные святые Ньюарка; The Many Saints of Newark  (2021);США,реж.Алан Тейлор;(драма, криминал);2021-09-23
Глаза Тэмми Фэй; The Eyes of Tammy Faye  (2021);Канада...реж.Майкл Шоуолтер;(драма, биография);2021-09-23
Dual; (2021);США...реж.Райли Стернс;(фантастика, триллер);2021-09-23
Сбой в матрице; A Glitch in the Matrix  (2021);США,реж.Родни Ашер;(документальный);2021-09-23
Долина дьявола; Escape The Field  (2021);США,реж.Эмерсон Мур;(триллер);2021-09-23
Untitled My Little Pony Movie; (2021);США,реж.Роберт Каллен...;(мультфильм, фэнтези, комедия...);2021-09-23
Не время умирать; No Time to Die  (2021);Великобритания...реж.Кэри Фукунага;(боевик, триллер, приключения);2021-09-30
Бестселлер; Best Sellers  (2021);Канада...реж.Лина Росслер;(драма, комедия);2021-09-30
Джой: Американка в русском балете; Joy Womack: The White Swan  (2021);США...реж.Дина Бурлис...;(документальный);2021-09-30
Мистериум: Эффект Марко; Marco effekten  (2021);Дания...реж.Мартин Зандвлиет;(триллер, криминал);2021-09-00
Haute couture; (2021);Франция,реж.Сильви Оайон;;2021-09-00
Даже мыши попадают в рай; I mysi patrí do nebe  (2021);Чехия...реж.Ян Бубеничек...;(мультфильм, фэнтези, семейный);2021-09-00
Семейка Аддамс: Горящий тур; The Addams Family 2  (2021);США...реж.Грег Тирнан...;(мультфильм, ужасы, фантастика...);2021-10-07
Общага; (2020);Россия,реж.Роман Васьянов;(драма);2021-10-07
Я — Златан; I Am Zlatan  (2021);Швеция...реж.Йенс Сьёгрен;(драма, биография, спорт);2021-10-07
Последняя дуэль; The Last Duel  (2021);США,реж.Ридли Скотт;(драма);2021-10-14
Респект; Respect  (2021);Канада...реж.Лизль Томми;(биография, музыка, драма);2021-10-14
Друг на продажу; (2020);Россия,реж.Александр Данилов;(комедия);2021-10-14
Чудаки; Jackass 4  (2021);реж.Джефф Треймейн;(документальный, боевик, комедия);2021-10-14
Королевская игра; Schachnovelle  (2021);Германия...реж.Филипп Штёльцль;(драма);2021-10-14
Хэллоуин убивает; Halloween Kills  (2021);Великобритания...реж.Дэвид Гордон Грин;(ужасы, триллер);2021-10-21
Дракулов; (2021);Россия,реж.Илья Куликов;(комедия);2021-10-21
Маленький мук; (2020);Россия,реж.Олег Погодин;(мультфильм);2021-10-21
Неисправимый Рон; Ron's Gone Wrong  (2021);США...реж.Сара Смит...;(мультфильм, фантастика, комедия...);2021-10-21
Кощей. Начало; (2021);Россия,реж.Андрей Колпин;(мультфильм, семейный, приключения);2021-10-28
Семейный бюджет; (2021);Россия,реж.Евгений Абызов;(комедия);2021-10-28
Ледяной демон; (2021);Россия,реж.Иван Капитонов;(ужасы, триллер);2021-10-28
Человеческая комедия; Comédie humaine  (2021);Франция,реж.Ксавье Джанноли;(драма, история);2021-10-28
Непослушник; (2021);Россия,реж.Владимир Котт;(комедия);2021-10-28
Мажоры на мели; Pourris gâtés  (2021);Франция,реж.Николя Кюш;(комедия);2021-10-28
Seal Team; (2022);ЮАР,реж.Грег Кэмерон;(мультфильм);2021-10-28
Герда; (2020);Россия,реж.Наталья Кудряшова;(драма);2021-10-00
Материнское воскресенье; Mothering Sunday  (2021);Великобритания,реж.Ева Хассон;(драма);2021-10-00
Прошлой ночью в Сохо; Last Night in Soho  (2021);Великобритания...реж.Эдгар Райт;(ужасы, триллер, драма);2021-11-03
Вечные; Eternals  (2021);США,реж.Хлоя Чжао;(фантастика, фэнтези, боевик...);2021-11-04
Летчик; (2021);Россия,реж.Ренат Давлетьяров;(драма, военный);2021-11-04
Большой красный пес Клиффорд; Clifford the Big Red Dog  (2021);Великобритания...реж.Уолт Бекер;(мультфильм, фэнтези, мелодрама...);2021-11-04
Охотники за привидениями: Наследники; Ghostbusters: Afterlife  (2021);Канада...реж.Джейсон Райтман;(фантастика, комедия, боевик);2021-11-11
Голос любви; Aline  (2020);Канада...реж.Валери Лемерсье;(драма, музыка);2021-11-11
Джиперс Криперс: Возрожденный; Jeepers Creepers: Reborn  (2021);США...реж.Тимо Вуоренсола;(ужасы, триллер, детектив);2021-11-11
Топ Ган: Мэверик; Top Gun: Maverick  (2021);США...реж.Джозеф Косински;(боевик, драма);2021-11-18
Король Ричард; King Richard  (2021);реж.Рейнальдо Маркус Грин;(драма, биография, спорт);2021-11-18
Энканто; Encanto  (2021);США...реж.Джаред Буш...;(мультфильм, мюзикл, фэнтези...);2021-11-25
Гуччи; Gucci ;США;(драма, биография, история);2021-11-25
Прятки; Hide and Seek  (2021);США,реж.Джоэль Мур;(триллер);2021-11-25
Безымянный проект студии Disney; Encanto  (2021);США...реж.Джаред Буш...;(мультфильм, мюзикл, фэнтези...);2021-11-26
Спенсер; Spencer  (2021);Великобритания...реж.Пабло Ларраин;(драма, история);2021-11-00
Ник и нефритовое дерево; Nick and Jade Tree  (2021);Россия...реж.Ваге Саргсян;(мультфильм);2021-11-00
Честный развод; (2021);Россия,реж.Иван Кульнев;(комедия);2021-12-02
Зловещий свет; The Devil's Light  (2021);США,реж.Даниэль Штамм;(ужасы, триллер);2021-12-02
Календарь дьявола; Le Calendrier  (2021);Франция,реж.Патрик Ридремон;(ужасы, триллер);2021-12-02
Щелкунчик и волшебная флейта; (2021);Россия,реж.Георгий Гитис;(мультфильм);2021-12-02
Вестсайдская история; West Side Story  (2021);США,реж.Стивен Спилберг;(мюзикл, драма, мелодрама...);2021-12-09
Belfast; (2021);Великобритания,реж.Кеннет Брана;(драма);2021-12-09
Безумная свадьба 3; Qu'est-ce qu'on a tous fait au Bon Dieu?  (2021);Франция,реж.Филипп де Шоврон;(комедия);2021-12-09
Матрица 4; The Matrix 4  (2021);США,реж.Лана Вачовски;(фантастика, боевик);2021-12-16
Человек-паук: Нет пути домой; Spider-Man: No Way Home  (2021);США,реж.Джон Уоттс;(фантастика, боевик, приключения);2021-12-16
Дьяволик; Diabolik  (2021);Италия,реж.Антонио Манетти...;(триллер, криминал);2021-12-16
Зверопой 2; Sing 2  (2021);Франция...реж.Гарт Дженнингс;(мультфильм, мюзикл, фэнтези...);2021-12-23
Последний богатырь 3; (2021);Россия,реж.Дмитрий Дьяченко;(приключения);2021-12-23
Чемпион мира; (2021);Россия,реж.Алексей Сидоров;(драма);2021-12-30
Супергерои; Supereroi  (2021);Италия,реж.Паоло Дженовезе;(комедия);2021-12-30
Снегурочка против всех; (2021);Россия,реж.Полина Ануфриева;(комедия);2021-12-30
Три богатыря и Конь на троне; (2021);Россия,реж.Дарина Шмидт...;(мультфильм, комедия, приключения);2021-12-30
Кунг Фьюри 2; Kung Fury 2  (2020);США...реж.Дэвид Сандберг;(фантастика, боевик, комедия...);2021-12-00
Декабрь; (2021);Россия,реж.Клим Шипенко;(драма, триллер, биография...);2021-12-00
